"시도별","지출내역별",1995,1995,1996,1996,1996,1997,1997,1997,1998,1998,1998,1999,1999,1999,2000,2000,2000,2001,2001,2001,2002,2002,2002,2003,2003,2003,2004,2004,2004,2005,2005,2005,2006,2006,2006,2007,2007,2007,2008,2008,2008,2009,2009,2009,2010,2010,2010,2011,2011,2011,2012,2012,2012,2013,2013,2013,2014,2014,2014,2015,2015,2015,2016,2016,2016,2017,2017,2017,2018,2018,2018,2019,2019,2019,2020,2020,2020,2021,2021,2021,2022 p),2022 p),2022 p)
"시도별","지출내역별",명목,실질,명목,실질,실질기여도,명목,실질,실질기여도,명목,실질,실질기여도,명목,실질,실질기여도,명목,실질,실질기여도,명목,실질,실질기여도,명목,실질,실질기여도,명목,실질,실질기여도,명목,실질,실질기여도,명목,실질,실질기여도,명목,실질,실질기여도,명목,실질,실질기여도,명목,실질,실질기여도,명목,실질,실질기여도,명목,실질,실질기여도,명목,실질,실질기여도,명목,실질,실질기여도,명목,실질,실질기여도,명목,실질,실질기여도,명목,실질,실질기여도,명목,실질,실질기여도,명목,실질,실질기여도,명목,실질,실질기여도,명목,실질,실질기여도,명목,실질,실질기여도,명목,실질,실질기여도,명목,실질,실질기여도
"전국","지역내총생산에대한지출",445101282,687869000,493687988,737008292,7.14,545131814,782317355,6.15,541141920,746180147,-4.62,594682809,832948475,11.63,655879090,906476368,8.83,710997900,954266932,5.27,786394903,1020790393,6.97,843322858,1058162561,3.66,914889562,1106646717,4.58,958976213,1157478093,4.59,1011291960,1220355850,5.43,1093215642,1290847174,5.78,1159499299,1325847750,2.71,1207708628,1338962852,0.99,1327443926,1432683907,7.00,1393306281,1484628137,3.63,1445391103,1519358867,2.34,1505238577,1566633412,3.11,1566088413,1615774616,3.14,1660844316,1660844316,2.79,1743574724,1709742565,2.94,1840348850,1762932983,3.11,1902527946,1814075680,2.90,1927421209,1854370144,2.22,1944644393,1842426414,-0.64,2083794973,1922065762,4.32,2165717327,1972396056,2.62
"전국","최종소비지출",275471950,518914072,315446105,559746107,4.87,347546134,582896699,2.64,334086397,526509713,-6.17,378479239,582796080,6.60,428799435,629605061,5.11,477908257,670602857,4.26,534203761,724404145,5.39,557174612,732003615,0.71,584857066,742335878,0.93,626614548,775751263,2.88,671367228,814723906,3.28,721246411,855995025,3.36,771127199,876476507,1.58,802843720,891042925,1.11,856486974,932397085,3.09,911032316,957172400,1.71,948865444,979368014,1.52,980513982,1006713986,1.83,1017520554,1029976020,1.51,1054716619,1054716619,1.56,1099381891,1085985141,1.88,1155675101,1119683310,1.96,1214111774,1161195725,2.33,1261684216,1200080613,2.14,1247627191,1172757075,-1.49,1332299907,1222580515,2.73,1443218629,1273648885,2.67
"전국","총자본형성",169035800,272047319,190869078,301599338,4.13,202000336,300505425,-0.14,154795792,220328112,-9.89,183136492,268284723,6.23,216262239,314887747,5.35,225151594,317788537,0.30,245753769,341591484,2.37,271245723,358383440,1.54,292307847,370029162,1.05,309765167,379304241,0.80,331660741,402096828,1.94,360145650,425445171,1.90,387465347,425853453,0.03,361192363,384647718,-3.23,428985408,447276107,4.87,458788228,462387924,1.09,450438869,453122928,-0.66,448034225,448534492,-0.32,465584205,464253878,1.04,490770543,490770543,1.70,526000837,522161634,1.89,594148208,577534797,3.20,603423433,574836969,-0.15,608439576,565806907,-0.50,622854849,574350349,0.48,671768316,587276545,0.72,721682121,594012176,0.37
"전국","재화와 서비스 순이출",-4437695,-43298636,-14971197,-51137121,-1.14,-4509397,-38759802,3.96,56815201,9098371,11.13,32050100,-3047621,-2.27,11619701,-8791329,-0.46,9556601,-7184847,0.50,9357801,-11454765,-0.46,13574399,-6278038,1.05,31731396,11479355,2.98,21459803,12271602,0.32,6043297,12050937,0.15,9914200,19166257,0.48,-2684502,41119046,1.65,51071600,77919286,3.08,37137292,64821331,-1.28,15405392,77477939,0.83,39311890,98368197,1.74,69518494,115144858,1.22,78902887,122989268,0.48,113518590,113518590,-0.79,115961891,99418192,-0.85,87149694,63285888,-1.97,84236378,81218454,1.01,53781694,96210914,0.81,71518392,104564738,0.47,73951064,122105980,0.73,153908,126042573,0.08
"전국","통계상 불일치",5031227,595504,2344002,-4887055,-0.71,94741,-7755206,-0.32,-4555470,-4986996,0.30,1016978,3125049,1.07,-802285,-6441640,-1.17,-1618552,-4791723,0.21,-2920428,-8194495,-0.34,1328124,-4598420,0.37,5993253,-8839467,-0.37,1136695,-2930584,0.59,2220694,-2514806,0.06,1909381,-2417853,0.03,3591255,-9612700,-0.55,-7399055,-9185661,0.04,4834252,-4891908,0.33,8080345,-5425122,-0.01,6774900,-9662166,-0.26,7171876,-4436293,0.37,4080767,-3163928,0.10,1838564,1838564,0.32,2230105,2177598,0.02,3375847,830532,-0.08,756361,-4208999,-0.28,3515723,-8444757,-0.23,2643961,-10244058,-0.10,5775686,-8161071,0.14,662669,-18213554,-0.50
"서울특별시","지역내총생산에대한지출",112634087,185098581,124055701,195791851,5.78,135743918,204816198,4.61,134702509,195891236,-4.36,147306944,213043805,8.76,165112974,234450139,10.05,178594996,244418894,4.25,199442039,261328220,6.92,212213320,266033918,1.80,219391206,269197325,1.19,232177439,280676032,4.26,245598327,292392945,4.17,266598542,309525926,5.86,282065734,317128072,2.46,293694316,321873162,1.50,313281033,333249300,3.53,326415107,343756313,3.15,334324998,348568408,1.40,340711607,354319250,1.65,350258443,359661759,1.51,370167867,370167867,2.92,387364432,380679274,2.84,404079600,389584629,2.34,423742112,403605888,3.60,435927212,414092568,2.60,444544909,417638547,0.86,472040199,431678812,3.36,485747866,438537013,1.59
"서울특별시","최종소비지출",67362638,127601426,76749915,137528176,4.65,82584956,139547900,0.91,77391362,123596442,-6.95,86678831,135814638,5.68,95777282,143157449,3.18,109657570,156279864,5.32,124350610,170609962,5.63,132205150,175181499,1.67,141021695,180109679,1.75,149705618,186796056,2.39,159336966,195172735,2.89,170506090,203903161,2.90,180978308,207780064,1.22,186582364,208852899,0.33,197025714,216019756,2.18,207876770,219921289,1.14,212950943,221280992,0.39,215142818,222565970,0.37,218604352,222613682,0.01,222439033,222439033,-0.05,230719087,227646768,1.41,240243636,232370264,1.24,253018399,241681381,2.38,261370407,248178468,1.61,254713828,238639890,-2.30,268977049,246740093,1.94,288948198,255050170,1.92
"서울특별시","총자본형성",28688551,45142023,32646801,51338596,3.50,40585865,59253913,4.06,28300191,39902348,-9.76,35095350,50037187,5.34,36148141,49796864,-0.11,41546179,55378794,2.45,45894033,59442810,1.71,49536742,62876793,1.33,48744201,59520953,-1.25,57516586,74865485,5.73,57045128,73350208,-0.50,62415942,79227749,1.86,55902651,66828856,-3.66,55747222,61893662,-1.46,65137216,66636923,1.45,66278315,66539363,-0.03,65042207,65123464,-0.43,65076380,66217354,0.33,71375764,72187684,1.72,70993710,70993710,-0.34,76914326,76443963,1.47,81394018,79343834,0.75,85863889,81968071,0.67,89399640,83319679,0.33,89944612,82708455,-0.15,97857021,84150203,0.35,95962127,78420938,-1.41
"서울특별시","재화와 서비스 순이출",16204019,16136644,14953007,14562949,-1.34,13275240,14896163,0.29,31042382,30230043,12.03,26014222,26932211,-3.06,34241473,38508290,8.51,28744454,33532223,-3.49,30733106,34168914,-0.05,30867583,31341090,-1.70,28915957,34112722,1.41,25209412,25151163,-4.91,28967807,28317017,1.31,33428026,29918501,0.79,44742593,46665701,5.38,53762065,54100917,2.48,50613474,51602689,-0.73,50581418,57589685,1.92,55257203,63654377,1.83,60623829,67381618,1.15,59958539,65978358,-0.49,76347749,76347749,2.81,77229445,75988878,-0.10,82820244,76773200,0.22,85155233,79702089,0.77,84390263,82142605,0.64,96352966,97015683,3.44,104675842,102890826,1.31,100620299,109266489,1.40
"서울특별시","통계상 불일치",378879,74563,-294022,-1869248,-1.03,-702143,-3218006,-0.65,-2031426,-2429379,0.34,-481459,-811532,0.80,-1053922,-4089667,-1.53,-1353207,-4276298,-0.03,-1535710,-5347558,-0.37,-396155,-4078780,0.50,709353,-6069653,-0.72,-254177,-3435186,1.06,248426,-2224252,0.47,248484,-1455395,0.31,442182,-2993606,-0.48,-2397335,-2556567,0.15,504629,-527470,0.63,1678604,-137055,0.13,1074645,-1518464,-0.39,-131420,-2261476,-0.20,319788,-1342427,0.27,387375,387375,0.49,2501574,599665,0.06,-378298,1056904,0.13,-295409,264224,-0.22,766902,369469,0.02,3533503,-164723,-0.13,530287,-1311394,-0.24,217242,-2730130,-0.32
"부산광역시","지역내총생산에대한지출",27058609,43749924,29923432,46044004,5.24,32202026,47291520,2.71,32419675,44426186,-6.06,34809328,49763153,12.01,36540735,51705541,3.90,40806680,55382619,7.11,43855660,57866997,4.49,47878610,59924431,3.56,51183872,61227100,2.17,52915427,63032743,2.95,54818675,65299325,3.60,59096264,68944140,5.58,63844756,70785024,2.67,63676073,68336815,-3.46,66831000,71968834,5.31,68484173,73792908,2.53,71155823,75742868,2.64,73319051,77000292,1.66,77562517,80258570,4.23,82701497,82701497,3.04,85536348,84114530,1.71,87835601,85441974,1.58,89979896,86889875,1.69,93012134,89105372,2.55,91286486,85962709,-3.53,97805911,87629325,1.94,104296833,89883761,2.57
"부산광역시","최종소비지출",22639612,42813084,25662249,45516915,5.28,28155634,46979265,2.76,26260820,41324225,-10.52,29639063,45524226,8.23,33101042,48548975,5.66,35613470,49832468,2.39,38508062,52266114,4.26,39064495,51460590,-1.35,40056180,51108640,-0.56,41982632,52200367,1.67,44490952,54289330,3.18,47441453,56648369,3.53,49983775,57303840,0.93,51702678,57709082,0.55,55475060,60719032,4.23,59250297,62529375,2.47,61649164,63820080,1.79,63634491,65433434,2.19,65794341,66751937,1.75,68189841,68189841,1.83,70316195,69410301,1.48,74004762,71818836,2.85,76334831,73042075,1.44,78545950,74756789,1.99,76807238,72339544,-2.73,82458891,75953779,4.20,90237726,80189907,4.70
"부산광역시","총자본형성",8935260,14481709,10139084,16086884,3.66,11144715,16266220,0.38,8875460,12393539,-8.24,9834445,14163394,3.91,10930734,15702129,3.07,12346589,16974593,2.42,13147286,17706450,1.30,15311929,19774599,3.50,16969262,20991147,1.97,17658003,21732304,1.17,17476607,21173545,-0.86,19940871,23598736,3.65,21003222,23146875,-0.65,16781389,17938938,-7.40,20732969,21514491,5.25,21926865,22170107,0.95,23177844,23335944,1.68,22075071,22229651,-1.54,23305730,23334973,1.50,23177723,23177723,-0.20,25672916,25466849,2.77,27271610,26488572,1.20,28521911,27094020,0.71,29853050,27622257,0.62,28950460,26545501,-1.25,29685354,25715500,-0.99,29421461,23939401,-2.10
"부산광역시","재화와 서비스 순이출",-4969950,-13875748,-6163823,-15655951,-2.90,-7282424,-15764675,0.00,-2655825,-9586112,11.99,-4865498,-10623251,-1.09,-7591197,-12537049,-3.59,-7185825,-11473882,2.38,-7691267,-11868371,-0.51,-6706566,-11350854,1.01,-6232525,-10173037,2.11,-6843892,-10942316,-1.16,-7358163,-10576185,1.20,-8496802,-11887726,-1.56,-7414933,-9505624,3.12,-4538987,-6909268,3.52,-9734211,-10185649,-4.43,-13236555,-10781490,-0.88,-14101151,-11111287,-0.51,-12517862,-10335022,1.22,-11676292,-9720098,0.79,-8813931,-8813931,1.05,-11125296,-10616779,-2.18,-13353921,-12712023,-2.44,-14800707,-12976234,-0.30,-15450006,-12982658,-0.03,-15222887,-12600862,0.57,-14398196,-13387834,-1.11,-15377856,-13189571,0.27
"부산광역시","통계상 불일치",453687,840291,285922,498140,-0.80,184101,303987,-0.43,-60780,639874,0.72,201318,1145174,0.96,100156,574962,-1.23,32446,562420,-0.08,-108421,273429,-0.57,208752,516240,0.40,390955,-279257,-1.34,118684,480649,1.26,209279,541594,0.08,210742,534348,-0.04,272692,37538,-0.73,-269007,-45581,-0.13,357182,141731,0.26,543566,131248,-0.01,429966,-113955,-0.31,127351,-280058,-0.21,138738,-143551,0.20,147864,147864,0.37,672533,-145841,-0.36,-86850,-190211,-0.04,-76139,-319318,-0.15,63140,-347454,-0.03,751675,-433737,-0.11,59862,-596499,-0.16,15502,-881458,-0.30
"대구광역시","지역내총생산에대한지출",16708934,28303019,18698757,30238666,6.84,20559496,31886745,5.45,19669133,28738612,-9.87,21353129,31512976,9.65,23252630,33378959,5.92,24857987,34134803,2.26,27065894,35743105,4.71,28643337,36396595,1.83,31089716,38364894,5.41,32139659,39039831,1.76,33816014,40255437,3.11,36154426,42074727,4.52,37335462,42614503,1.28,37943622,41429265,-2.78,40617109,44114977,6.48,42635794,45657599,3.50,44843273,47367831,3.75,46904660,49036361,3.52,48817678,50329551,2.64,51822013,51822013,2.97,53167211,51823902,0.00,54832958,52721214,1.73,56714479,53964991,2.36,58094694,54762237,1.48,57725389,53668577,-2.00,60987154,56017462,4.38,63189445,56996357,1.75
"대구광역시","최종소비지출",15116273,27552592,17318428,29856968,7.57,18946518,31040958,3.67,17935973,27629901,-10.13,20479179,31077254,11.38,23126387,33655002,7.96,25146316,35016092,4.02,27343078,36902168,5.45,28161508,36909899,0.02,28643767,36458536,-1.20,30687962,38125888,4.21,32489060,39510536,3.47,34383679,40893289,3.36,36229519,41363925,1.09,37363635,41733570,0.87,39708377,43565284,4.32,42129099,44587778,2.29,43801056,45452156,1.92,45537002,46880504,3.07,47165221,47771311,1.84,49271413,49271413,3.03,50792978,50118330,1.63,53005412,51234354,2.13,54560169,52107812,1.65,57015620,54057134,3.60,56017521,52492044,-2.84,59025562,54056018,2.89,62816690,55360742,2.34
"대구광역시","총자본형성",4872908,8317646,5403390,9060183,2.60,6034278,9369138,0.99,4444905,6743733,-8.22,5571322,8515025,5.94,6405118,9557325,3.19,6723421,9656484,0.29,7551987,10512507,2.40,8254363,10985425,1.26,8007422,10267873,-1.88,9547480,12280292,5.05,10161951,12865911,1.42,11494155,14172977,3.05,11534907,13248541,-2.07,9373521,10168132,-7.18,11214516,11694251,3.71,11724769,11844575,0.35,11973066,12068686,0.52,13261818,13358394,2.85,13931001,13943069,1.24,15522369,15522369,3.23,15580566,15479043,-0.08,15227046,14776234,-1.33,14964633,14218171,-1.05,15958580,14771516,1.03,17802013,16315381,2.87,20362197,17544144,2.32,21599480,17445711,-0.19
"대구광역시","재화와 서비스 순이출",-3422685,-6685121,-4051998,-7370051,-2.78,-4374434,-7715665,0.81,-2498181,-5587636,8.65,-4702414,-7571683,-8.48,-6207595,-8910862,-4.60,-6905182,-9531576,-2.47,-7698775,-10470954,-3.06,-7788072,-10587979,-0.08,-5736507,-7758639,9.48,-8125254,-10734666,-9.00,-8910039,-11598499,-1.98,-9782959,-12609892,-2.00,-10519807,-11478304,2.80,-8541166,-10134952,3.48,-10505686,-11130844,-1.94,-11524888,-10794346,0.87,-11173779,-10093703,1.64,-11987165,-11058425,-2.28,-12417234,-11377495,-0.71,-13146971,-13146971,-3.76,-13685308,-13775650,-1.21,-13376699,-13254990,0.98,-12774819,-12096721,2.13,-14971023,-13756563,-2.98,-16606955,-14742179,-1.68,-18572577,-14872754,-0.46,-21225027,-14738703,0.14
"대구광역시","통계상 불일치",142438,-298815,28937,-495004,-0.55,-46866,-530631,-0.02,-213564,-540848,-0.17,5042,-325971,0.82,-71280,-544774,-0.63,-106568,-409239,0.43,-130396,-448110,-0.08,15538,-224442,0.63,175034,-600440,-0.99,29471,-28896,1.50,75042,52515,0.21,59551,93046,0.10,90843,-133387,-0.54,-252368,-102484,0.06,199902,71090,0.39,306814,54580,-0.03,242930,-106081,-0.33,93005,-176318,-0.12,138690,-50670,0.27,175202,175202,0.46,478975,2179,-0.33,-22801,-28151,-0.04,-35504,-221591,-0.37,91517,-316689,-0.17,512810,-502097,-0.35,171972,-752549,-0.38,-1698,-1074789,-0.54
"인천광역시","지역내총생산에대한지출",22961684,38546919,25332474,40762864,5.75,28107431,43341199,6.33,26247812,37317452,-13.90,27803826,40446510,8.38,29954119,43019365,6.36,33441442,46255108,7.52,38463197,50972798,10.20,40605167,52157498,2.32,44384378,54987798,5.43,46063682,56922112,3.52,49105565,59522631,4.57,54061455,64675503,8.66,53700045,64033773,-0.99,56344673,63153061,-1.38,63266348,69301148,9.74,64417599,70536942,1.78,66408453,73129842,3.68,69398005,75073082,2.66,74611777,78694187,4.82,80137506,80137506,1.83,84663335,82257112,2.64,88547364,85791563,4.30,88735401,86426825,0.74,90040500,87963593,1.78,89615465,84907539,-3.47,98670502,90325899,6.38,104497088,95712639,5.96
"인천광역시","최종소비지출",13516525,25497096,15468268,27412880,4.42,17085262,28720897,2.91,16594026,26283510,-5.16,18881097,29131186,6.85,21628010,31830594,6.29,24028328,33696452,4.23,26545669,36020181,4.95,27265061,35928818,-0.18,28226563,36046203,0.22,30094665,37644880,2.82,32512342,39859192,3.84,35506908,42650780,4.64,38165513,43947792,2.00,39752609,44668223,1.17,42696359,47032978,3.74,45613498,48640983,2.31,47324070,49172286,0.77,48998345,50381698,1.75,51459877,52148485,2.48,53552498,53552498,1.86,56244247,55557045,2.50,59285029,57509643,2.33,62567716,59784837,2.65,65539764,62309790,2.98,65229612,61227616,-1.26,69755577,63812592,3.07,76229060,67287912,3.85
"인천광역시","총자본형성",9881043,15928564,9760141,15280898,-1.75,9949087,14676697,-1.52,7942293,11579996,-7.47,8320183,13074963,3.91,9708057,15166935,4.79,9682111,14406368,-1.63,10921875,15811120,2.82,12305939,16501902,1.24,13343534,17185259,1.26,14954107,18110668,1.62,16306930,19523471,2.53,18682976,21607683,3.55,19859184,21093455,-0.82,21992440,22853002,3.08,24922447,25556289,4.62,26810753,26941902,2.14,24090728,24135826,-4.33,23786806,23729440,-0.61,24616075,24474202,1.08,24685343,24685343,0.28,27732396,27525961,3.54,29251906,28367641,1.00,29538329,28055358,-0.36,30435193,28168293,0.13,33908545,31177962,3.61,39103140,34076653,3.52,43020146,35101228,1.19
"인천광역시","재화와 서비스 순이출",-755700,-2756746,-65946,-1707092,4.18,1014055,-129367,5.49,1693880,-421240,-1.59,447788,-1163096,-2.48,-1524763,-2371057,-3.07,-375148,-718073,5.57,964295,-464887,1.12,817637,160471,1.41,2405656,1786676,3.40,880674,810416,-1.77,137952,-124018,-1.74,-268889,165650,0.59,-4571989,-888492,-1.56,-5250508,-4013557,-5.48,-4558526,-3009024,1.30,-8287612,-4435771,-2.60,-5389909,-102040,7.36,-3665662,875152,1.55,-1548444,1985417,1.34,1741160,1741160,-0.67,2050450,-1013577,-3.44,-217540,-884844,0.23,-3237506,-1459496,-0.65,-5749484,-2131743,-0.70,-7551545,-7130359,-5.63,-9099886,-8207855,-1.26,-14775557,-8158301,0.06
"인천광역시","통계상 불일치",319816,814924,170011,409534,-1.10,59027,192126,-0.56,17613,316033,0.32,154758,380321,0.11,142815,-274108,-1.65,106151,-595532,-0.66,31358,-59981,1.30,216530,-138501,-0.15,408625,130049,0.55,134236,584212,0.84,148341,564542,-0.07,140460,531052,-0.11,247337,133947,-0.61,-149868,45675,-0.14,206068,119396,0.08,280960,75478,-0.06,383564,-18563,-0.12,278516,-52901,-0.03,84269,-123267,-0.07,158505,158505,0.36,-1363758,187683,0.04,227969,839044,0.73,-133138,82775,-0.89,-184973,-458152,-0.63,-1971147,-619717,-0.19,-1088329,338292,1.05,23439,1186518,0.86
"광주광역시","지역내총생산에대한지출",9881183,16417691,11175427,17978636,9.51,12098989,18559392,3.23,11478764,16743576,-9.78,12284576,18092047,8.05,13633077,19742330,9.12,14959494,20828849,5.50,16632710,22420270,7.64,17281413,22585186,0.74,18380958,23198230,2.71,20096118,24953345,7.57,21635408,26193910,4.97,23470470,27392264,4.57,24213929,27791206,1.46,25191120,27180608,-2.20,27882311,30457831,12.06,28678421,31011787,1.82,29773635,31650181,2.06,31263021,32859385,3.82,33016736,34169569,3.99,34845589,34845589,1.98,36819006,35933462,3.12,37743917,36384616,1.26,39805406,38216077,5.03,41519553,39624032,3.68,42068384,39530642,-0.24,43742580,41257137,4.37,45220109,41939597,1.65
"광주광역시","최종소비지출",7718927,14379086,8919287,15604940,6.66,9840465,16317294,3.64,9370588,14602683,-8.55,10797395,16444645,10.30,12259383,17807772,7.29,13595514,18930052,5.67,15058056,20351705,6.83,15659327,20545268,0.86,16237888,20542114,-0.01,17311547,21345074,3.45,18547664,22382615,4.19,19966956,23584383,4.60,21309003,24171731,2.12,22465030,24856497,2.49,24107581,26174933,4.73,25742783,27012361,2.77,26652793,27528814,1.72,27815404,28563942,3.37,28765810,29046629,1.50,29791438,29791438,2.23,31031130,30650548,2.47,32653948,31640901,2.72,34374970,32949972,3.58,35705478,34024082,2.82,34929907,32886832,-2.87,37055231,34153490,3.20,39780533,35229291,2.67
"광주광역시","총자본형성",3929248,6996691,4035508,6983804,-0.07,3890768,6227663,-3.91,2754593,4274255,-10.09,3056973,4705016,2.42,4497156,6825221,11.21,4042625,5921594,-4.37,4132698,5920708,-0.00,4858141,6544279,2.62,5530983,7140176,2.56,5987549,7579706,1.85,7113904,8884771,5.13,7269821,8881853,-0.01,7873691,9008186,0.44,6582258,7054931,-7.05,7086148,7371819,1.17,7686117,7760900,1.34,8203200,8256807,1.71,8740523,8747864,1.64,9007858,8970565,0.71,8662748,8662748,-0.94,9155676,9089464,1.22,9899272,9613938,1.43,10479922,9958115,0.94,10961093,10149882,0.51,12054538,11069825,2.39,13321591,11606321,1.39,13376175,10962201,-1.69
"광주광역시","재화와 서비스 순이출",-1845540,-4388690,-1798355,-3930976,3.72,-1605027,-3371957,3.90,-506018,-1868067,8.29,-1569072,-2937158,-5.98,-3084889,-4441872,-8.40,-2623659,-3726465,3.94,-2470508,-3536737,1.09,-3236293,-4293114,-3.36,-3484560,-4073224,1.03,-3202580,-3840821,0.69,-4053765,-5001375,-4.68,-3780313,-5030514,-0.18,-5003510,-5241358,-0.66,-3654030,-4630495,2.21,-3452025,-2990066,5.85,-5028154,-3586716,-2.32,-5276888,-4054719,-1.07,-5356336,-4305823,-1.01,-4824220,-3814030,1.54,-3683795,-3683795,0.26,-3649859,-3767629,-0.24,-4745287,-4838231,-2.85,-4950704,-4470767,0.98,-5143751,-4290849,0.53,-5214482,-4014860,0.65,-6663617,-3830311,0.21,-7943402,-3395592,0.98
"광주광역시","통계상 불일치",78548,-253055,18987,-423603,-0.80,-27217,-512928,-0.40,-140399,-361100,0.56,-720,-150335,1.32,-38573,-342963,-0.98,-54986,-306815,0.26,-87536,-381638,-0.27,238,-243894,0.62,96647,-448212,-0.87,-398,-118689,1.57,27605,-40519,0.34,14006,-2097,0.16,34745,-122924,-0.44,-202138,-76027,0.15,140607,24272,0.31,277675,32452,0.03,194530,-67584,-0.30,63430,-132493,-0.17,67288,-64754,0.23,75198,75198,0.42,282059,-38921,-0.33,-64016,-60688,-0.05,-98782,-229457,-0.46,-3267,-297759,-0.17,298421,-456691,-0.40,29375,-663931,-0.43,6803,-803485,-0.31
"대전광역시","지역내총생산에대한지출",10509512,18350280,11799397,19742504,7.59,13031225,20894508,5.84,13013119,19922027,-4.65,13725526,21139402,6.11,15340760,23066261,9.12,16381083,23813574,3.24,18362849,25497366,7.07,19968379,26757005,4.94,21317799,27540951,2.93,22076296,28061744,1.89,23191548,29074607,3.61,24669345,29906786,2.86,26159588,30273625,1.23,27928016,31068315,2.63,30224696,33247905,7.02,31679831,34446444,3.60,32877411,34977219,1.54,33675454,35375467,1.14,34930512,36081650,2.00,37162614,37162614,3.00,39335023,38456557,3.48,40537224,38772485,0.82,41308348,39135729,0.94,43092218,40684092,3.96,44393136,41208249,1.29,46716590,42500095,3.13,49565822,44395434,4.46
"대전광역시","최종소비지출",7592563,13962232,8819940,15338369,7.12,9766446,16134321,3.88,9684807,15025104,-5.15,11105340,16867199,9.12,12658227,18316030,6.95,14149995,19797430,6.67,15855413,21357281,6.81,16661457,21767730,1.66,17688783,22336210,2.18,19152744,23583276,4.63,20607002,24799159,4.47,22378138,26340553,5.52,24046776,27123642,2.70,25073907,27649308,1.78,26795071,28982726,4.33,28628713,29833550,2.60,30067432,30804040,2.94,30363928,31025484,0.66,31304545,31586405,1.63,32213284,32213284,1.78,33224557,32845294,1.70,34838141,33828877,2.53,36269669,34766156,2.38,37717204,35975354,3.05,37314093,35162412,-1.98,39875603,36595657,3.43,43288220,38322786,4.03
"대전광역시","총자본형성",5079367,8550947,5496778,9134797,3.30,5828030,9167625,0.17,4901127,7695413,-7.18,5104614,7954616,1.27,5743084,8812332,4.01,5569288,8276080,-2.28,6002549,8621897,1.42,7275860,9975088,5.13,7498630,9779618,-0.71,8040170,10261314,1.73,8190088,10215135,-0.16,8028866,9824838,-1.35,8495594,9708231,-0.39,9110189,9974776,0.89,10833339,11554538,5.17,11132957,11450621,-0.32,10625662,10833266,-1.89,10608568,10689463,-0.43,10738112,10765782,0.22,11436159,11436159,1.91,12173007,12045308,1.64,12559101,12142603,0.25,12735789,12131046,-0.03,13753634,12803275,1.71,15703178,14496018,4.22,16509766,14366671,-0.32,17506169,14455585,0.22
"대전광역시","재화와 서비스 순이출",-2291350,-3855991,-2581828,-4224536,-2.05,-2571261,-3965877,2.10,-1471746,-2835681,6.66,-2527805,-3744472,-5.67,-3060928,-3983730,-0.84,-3330849,-4247170,-1.38,-3441098,-4397383,-0.70,-4013125,-4926826,-2.37,-4026736,-4403911,2.53,-5144934,-5704819,-5.72,-5654403,-5932114,-0.86,-5761289,-6319590,-1.79,-6427751,-6464519,-0.61,-6060928,-6512527,-0.19,-7608723,-7315173,-2.67,-8430675,-6888069,1.38,-8060037,-6546865,0.81,-7395115,-6297025,1.06,-7220179,-6292933,-0.13,-6612207,-6612207,-1.12,-6408199,-6436495,0.47,-6815647,-7181714,-1.88,-7607828,-7532750,-0.91,-8381961,-7751880,-0.53,-8978101,-7932562,-0.45,-9753017,-7637889,0.55,-11235827,-7168839,0.64
"대전광역시","통계상 불일치",128932,-205912,64507,-385871,-0.78,8010,-477806,-0.31,-101069,-237461,1.02,43377,34316,1.38,377,-180565,-1.00,-7351,-134201,0.22,-54015,-252522,-0.46,44187,-127051,0.52,157122,-418861,-1.06,28316,-78719,1.25,48861,-37543,0.16,23630,100225,0.48,44969,-39007,-0.47,-195152,2222,0.14,205009,77484,0.19,348836,54284,-0.05,244354,-58414,-0.31,98073,-115864,-0.15,108034,-22756,0.27,125378,125378,0.42,345658,2450,-0.33,-44371,-30083,-0.08,-89282,-224808,-0.50,3341,-337044,-0.27,353966,-546133,-0.50,84238,-794077,-0.52,7260,-1017369,-0.43
"울산광역시","지역내총생산에대한지출",-,-,-,-,-,-,-,-,26663028,43126637,-,28291628,47763922,10.75,30567185,49333661,3.29,32555153,50423452,2.21,36362374,55068266,9.21,36428846,54100049,-1.76,43743607,59706880,10.36,43941774,61626834,3.22,45452776,62869561,2.02,49982207,65950587,4.90,53267149,64401338,-2.35,51193872,63392764,-1.57,61089898,66254235,4.51,68676959,71517190,7.94,70001581,71957705,0.62,71266373,72322408,0.51,70134740,72408971,0.12,72854409,72854409,0.62,74660841,73477668,0.86,75750070,72968962,-0.69,73647537,71344390,-2.23,74654628,72024599,0.95,69363394,67136435,-6.79,77973813,69523278,3.56,86255074,69204235,-0.46
"울산광역시","최종소비지출",-,-,-,-,-,-,-,-,6802445,10718714,-,7913032,12136670,3.38,8921665,13089502,2.20,9866228,13851383,1.70,11052474,14992630,2.50,11444816,15072193,0.16,12098569,15422935,0.73,13271170,16403932,1.76,14278581,17253336,1.56,15327033,18124917,1.59,16381607,18563508,0.74,17079410,18949912,0.64,18108501,19705184,1.33,19343553,20337040,0.95,20607047,21250514,1.27,21532580,22038509,1.09,22581878,22811366,1.06,23900098,23900098,1.54,24753071,24467553,0.78,25982250,25248572,1.06,26431063,25442048,0.26,27344317,26293377,1.20,26788910,25502157,-1.10,28617746,26478379,1.48,30913215,27595018,1.55
"울산광역시","총자본형성",-,-,-,-,-,-,-,-,4309166,7737315,-,6116007,11526252,7.91,7734603,14581763,5.73,9026361,16567942,3.45,9054953,17198743,1.06,10085001,16655009,-0.79,11399291,17785169,1.88,10441539,14115857,-5.38,10876818,14085222,-0.05,15938827,19737372,9.60,19740052,22472161,4.42,13902575,15019492,-12.29,17535361,19129984,7.43,24545135,24980310,8.78,19816667,20464375,-6.46,20291165,20201503,-0.36,18155335,17870905,-3.28,20289123,20289123,3.50,20525255,20433804,0.20,24981740,24208135,5.08,27800189,26400647,2.99,24105673,22307412,-5.85,21909792,20000305,-3.34,21879342,19501325,-0.79,30196806,25219540,8.23
"울산광역시","재화와 서비스 순이출",-,-,-,-,-,-,-,-,15994400,11416157,-,14379235,11818014,-1.18,14118117,11661015,-2.77,13921350,11460933,-2.48,16543914,12635842,6.62,14980610,12876573,-0.49,20113850,14088373,3.77,20280938,17312514,10.58,20258418,21355681,0.67,18676522,29246446,-5.75,17059924,26856935,-6.88,20631755,31081293,9.51,25398197,28938127,-4.88,24502196,29001968,-1.93,29427088,31600026,6.24,28539027,30994873,-0.93,28919886,32669520,2.89,29176418,29176418,-4.88,30739456,27817877,-1.86,23959209,23402065,-5.80,19413519,18234656,-6.97,22860601,23056437,7.01,21983896,20010356,-4.10,29590183,21333649,3.09,25088147,8875039,-12.76
"울산광역시","통계상 불일치",-,-,-,-,-,-,-,-,-442983,825243,-,-116646,1255069,0.64,-207200,434774,-1.87,-258786,229304,-0.46,-288967,-191410,-0.96,-81581,-548301,-0.64,131897,1580394,3.98,-51873,-560675,-3.75,38959,-673222,-0.17,39825,-1054728,-0.54,85566,-1452033,-0.63,-419868,-1050800,0.57,47839,-670236,0.63,286075,-631532,0.14,150779,-948248,-0.43,903601,-433182,0.71,477641,-836928,-0.55,-511230,-511230,0.45,-1356941,758434,1.74,826871,12443,-1.02,2766,1134523,1.50,344037,156118,-1.41,-1319204,1438391,1.76,-2113458,1388135,-0.22,56906,3047566,2.52
"세종특별자치시","지역내총생산에대한지출",-,-,-,-,-,-,-,-,-,-,-,-,-,-,-,-,-,-,-,-,-,-,-,-,-,-,-,-,-,-,-,-,-,-,-,-,-,-,-,-,-,-,-,-,-,-,-,-,-,-,-,-,-,6537829,6883305,-,8336053,8635120,25.45,9261543,9261543,7.25,9979343,9729904,5.06,10632043,10140164,4.22,11101861,10423610,2.80,11855276,11091040,6.40,12703589,11647981,5.02,13971642,12509390,7.40,14497052,12916427,3.25
"세종특별자치시","최종소비지출",-,-,-,-,-,-,-,-,-,-,-,-,-,-,-,-,-,-,-,-,-,-,-,-,-,-,-,-,-,-,-,-,-,-,-,-,-,-,-,-,-,-,-,-,-,-,-,-,-,-,-,-,-,4266462,4369133,-,5878967,5929923,23.31,7671402,7671402,20.71,8700011,8555949,9.55,9800815,9379757,8.39,10912820,10267341,8.72,12116307,11297227,9.86,12862652,11847892,4.98,14770099,13135123,11.00,15935398,13673091,4.33
"세종특별자치시","총자본형성",-,-,-,-,-,-,-,-,-,-,-,-,-,-,-,-,-,-,-,-,-,-,-,-,-,-,-,-,-,-,-,-,-,-,-,-,-,-,-,-,-,-,-,-,-,-,-,-,-,-,-,-,-,5028823,5082552,-,6457308,6492254,21.33,6099441,6099441,-4.69,6453811,6423546,3.50,6632525,6426525,0.03,6280283,5915718,-4.96,6322795,5816224,-0.95,5891428,5368961,-4.10,5987383,5134925,-2.02,6166538,4937438,-1.65
"세종특별자치시","재화와 서비스 순이출",-,-,-,-,-,-,-,-,-,-,-,-,-,-,-,-,-,-,-,-,-,-,-,-,-,-,-,-,-,-,-,-,-,-,-,-,-,-,-,-,-,-,-,-,-,-,-,-,-,-,-,-,-,-2812560,-2579740,-,-4026000,-3799489,-19.47,-4529844,-4529844,-8.95,-5239153,-5224673,-7.50,-5841637,-5632147,-4.06,-6137108,-5698990,-0.66,-6632414,-5899759,-2.01,-6142676,-5301415,4.82,-6982994,-5462498,-1.62,-7604688,-5124076,2.24
"세종특별자치시","통계상 불일치",-,-,-,-,-,-,-,-,-,-,-,-,-,-,-,-,-,-,-,-,-,-,-,-,-,-,-,-,-,-,-,-,-,-,-,-,-,-,-,-,-,-,-,-,-,-,-,-,-,-,-,-,-,55104,1440,-,25778,6181,0.28,20544,20544,0.18,64674,-24918,-0.49,40340,-43636,-0.15,45866,-77849,-0.31,48588,-137391,-0.49,92185,-223327,-0.68,197154,-242403,0.03,-196,-471735,-1.67
"경기도","지역내총생산에대한지출",78571474,112681418,86662036,121352335,7.70,92438882,124658091,2.72,92208382,116843281,-6.27,108051731,140742745,20.45,122328279,157417148,11.85,135724632,171443115,8.91,151429079,186126487,8.56,164060992,196745165,5.71,179960159,208742156,6.10,192127458,222816035,6.74,205603085,242756988,8.95,221225028,255550481,5.27,235058658,268221081,4.96,248016323,273835863,2.09,278532130,300716256,9.82,292825058,313748238,4.33,311414578,327820620,4.49,333380088,346430719,5.68,351734517,362159526,4.54,381978306,381978306,5.47,407437529,399827962,4.67,451426420,426172886,6.59,479822189,451914662,6.04,477413452,462288338,2.30,491298336,470022670,1.67,529210829,498358681,6.03,546816496,516358207,3.61
"경기도","최종소비지출",45812968,86021376,53303488,94020979,5.42,60326957,100762982,4.41,59360268,93395019,-4.77,68605060,105130500,8.09,80877870,118068128,7.81,92754156,129540761,6.42,108057579,145638396,8.49,114708539,149997393,2.14,122777034,155444961,2.54,133757283,165560935,4.44,146188135,177382677,4.97,159897922,189912975,5.02,173322263,197025464,2.71,181538347,201109427,1.53,194315067,211221265,3.68,208111310,218445611,2.39,218626440,225340851,2.24,225565178,231562219,1.94,234899745,237938903,1.86,243159796,243159796,1.47,254791856,251659101,2.23,268789447,260414400,2.18,284186613,271879832,2.62,295434235,281092390,2.01,293314667,275576191,-1.21,315362347,288781926,2.86,343930947,302777553,2.89
"경기도","총자본형성",37223042,56628703,42550458,63866083,6.05,41546913,59442956,-3.40,32919294,45048086,-10.88,40975555,58119181,10.36,52971500,75314370,11.22,54673657,76111674,0.46,57662045,79806754,1.96,64241886,84373662,2.18,66859241,84013157,-0.17,72474533,86521844,1.11,80864524,96237337,4.24,82872406,96664453,0.17,87483579,94235739,-0.94,88621892,92527234,-0.67,104664225,107755436,5.88,103025914,103035499,-1.65,105078713,104974306,0.66,99047581,98642376,-2.04,109277492,108721903,3.04,121010171,121010171,3.51,133946564,132817966,3.09,161863353,157202219,6.04,168298877,160225585,0.69,168775821,157036430,-0.70,175874458,162543772,1.24,195715729,171393344,1.95,211001367,174401374,0.65
"경기도","재화와 서비스 순이출",-5215901,-19987343,-9433521,-24124084,-3.29,-9251486,-22907002,1.94,855771,-13669754,8.53,-1623595,-17085854,0.57,-11279422,-27891713,-6.12,-11289656,-26708358,1.82,-13674355,-30752587,-1.58,-15066841,-30342813,0.87,-10791900,-24579652,4.36,-14296754,-25843704,-0.18,-21881458,-28147931,-0.39,-21896838,-28777828,0.04,-26372596,-19474807,3.73,-20544359,-16636839,1.18,-21630918,-16021247,-0.09,-20172204,-6510134,3.61,-13840504,-591079,1.87,8117151,17456974,5.87,6733637,15911260,-0.58,16861955,16861955,0.06,16864023,15334597,-0.40,20986554,8128629,-1.69,28031366,21333779,3.09,12847402,27192280,1.18,20387033,36589494,1.90,17920660,44279845,1.29,-8255324,46028811,0.34
"경기도","통계상 불일치",751365,-1846708,241611,-2639375,-0.49,-183502,-2998084,-0.22,-926951,-1734069,0.86,94711,-161995,1.44,-241669,-1701108,-1.07,-413525,-1501008,0.20,-616190,-2109341,-0.30,177408,-1203397,0.52,1115784,-2553555,-0.64,192396,104844,1.37,431884,383432,0.13,351538,449127,0.03,625412,-915936,-0.54,-1599557,-781263,0.06,1183756,251998,0.34,1860038,166788,-0.01,1549929,-818482,-0.29,650178,-1260258,-0.09,823643,-563757,0.23,946384,946384,0.44,1835086,16298,-0.24,-212934,163652,0.07,-694667,-1352447,-0.36,355994,-2232087,-0.19,1722178,-3438467,-0.25,212093,-4063705,-0.07,139506,-5573725,-0.27
"강원도","지역내총생산에대한지출",12791671,22896326,14855412,24901426,8.76,16168253,26025382,4.51,15903547,24050209,-7.59,16912637,25204250,4.80,17788006,26145825,3.74,18862289,26668912,2.00,20391937,27377155,2.66,22422806,28861908,5.42,23659379,29386767,1.82,24386313,29695748,1.05,25929023,31550828,6.25,27805160,32853097,4.13,29005514,33674653,2.50,30215541,33976932,0.90,31728914,35452559,4.34,33087301,36296644,2.38,34556834,37021010,2.00,36278698,38211948,3.22,38775764,40077987,4.88,40867985,40867985,1.97,43078659,42047331,2.89,45511732,43761362,4.08,46925797,44574334,1.86,48822640,46064137,3.34,48656564,44829136,-2.68,51207169,46781331,4.35,52530574,48179338,2.99
"강원도","최종소비지출",9564263,18355437,10870916,19735736,5.62,11981795,20600277,3.21,11881963,18972227,-5.86,13445158,20881821,7.52,15333462,22630215,6.66,16718154,23540152,3.47,18501799,25219598,6.32,19142138,25203508,-0.06,19969287,25280541,0.26,21484826,26375435,3.66,22951929,27556474,3.95,24605114,28888427,4.28,26420078,29537359,1.99,27749745,30491937,2.94,29553567,31948436,4.39,31491939,32871578,2.69,33045148,33931103,3.07,34475835,35176711,3.51,36133222,36405135,3.32,37257764,37257764,2.18,38645748,38148327,2.18,41203546,39756866,3.78,43913181,41638963,4.29,45464212,42660350,2.30,45628791,42322281,-0.74,48545653,43979632,3.67,51794236,45076833,2.37
"강원도","총자본형성",5690463,10591279,6931325,12459302,7.85,7422585,12525253,0.25,6318000,10104565,-8.87,5921022,9696886,-1.60,6641843,10761164,3.84,6629003,10287235,-1.64,7287631,11015659,2.49,8640496,12956241,6.30,9389025,13416539,1.37,9698202,13378694,-0.11,10481271,14222601,2.51,11204573,14732286,1.45,11398266,13640837,-2.99,11536221,13486258,-0.45,12124614,13766139,0.79,12997295,13330057,-1.21,13479958,13668031,1.00,14145763,14367555,2.00,15262545,15362987,2.70,16387624,16387624,2.63,17123973,17073416,1.68,17817283,17351166,0.65,17338515,16483039,-1.96,18401201,17068429,1.31,19136313,17595687,1.16,20408853,17677831,0.18,20102642,16240012,-3.24
"강원도","재화와 서비스 순이출",-2740774,-3431217,-3144309,-4018834,-4.84,-3355625,-3996844,0.65,-2302196,-3151480,8.57,-2598901,-3857389,-1.50,-4271310,-4638126,-6.57,-4550671,-4726735,-0.51,-5407035,-5508664,-6.03,-5492399,-5779076,-1.50,-5941628,-5675737,1.64,-6888017,-6360322,-4.22,-7607449,-9904602,0.62,-8103595,-10975701,-3.24,-8971957,-9231751,4.17,-8968204,-9739588,-1.38,-10132161,-10001524,-0.97,-11623085,-9699752,0.99,-12210357,-10395340,-1.99,-12714400,-11503368,-3.48,-12566587,-11649141,-0.56,-12864150,-12864150,-3.30,-12398389,-12974930,-0.27,-13241689,-13034235,-0.08,-14163723,-13337053,-0.68,-14801337,-13324548,0.02,-15929314,-14741655,-3.03,-18024251,-15075235,-0.81,-19319789,-12776636,4.74
"강원도","통계상 불일치",277719,-243155,197480,-279589,0.13,119498,-203371,0.41,5780,-551363,-1.43,145358,-484185,0.38,84011,-560815,-0.19,65803,-389757,0.69,9542,-436983,-0.13,132571,-270850,0.68,242695,-703423,-1.45,91302,-189180,1.73,103272,-455753,-0.83,99068,46861,1.64,159127,-174563,-0.67,-102221,-252250,-0.22,182894,-213115,0.13,221152,-254712,-0.09,242085,-293300,-0.08,371500,136726,1.19,-53416,-98989,-0.58,86747,86747,0.47,-292673,-199482,-0.70,-267408,-309553,-0.27,-162176,-220113,0.21,-241436,-348830,-0.28,-179226,-380898,-0.08,276914,201449,1.31,-46515,-210459,-0.88
"충청북도","지역내총생산에대한지출",14843152,22086859,16793959,24310971,10.07,17561395,24840759,2.18,17274033,22690502,-8.66,19505512,26115197,15.09,20609497,27699659,6.07,21575693,28294054,2.15,23307428,29656804,4.82,24823269,30693993,3.50,28112862,33573276,9.38,28095938,33307920,-0.79,30434623,36176510,8.61,32758094,38575637,6.63,33762843,37908674,-1.73,35601751,40008263,5.54,40324269,43503412,8.74,43343230,46066868,5.89,45510059,47647389,3.43,47737291,49519653,3.93,50081510,51596699,4.19,55191633,55191633,6.97,59671234,58380533,5.78,65312366,61953139,6.12,69636876,65830010,6.26,69419635,66927772,1.67,69583769,65926194,-1.50,75289387,70448338,6.86,79423941,73629729,4.52
"충청북도","최종소비지출",8282651,15649056,9451241,16825320,4.19,10413265,17430149,2.02,10410793,16318931,-3.78,11704197,17961542,6.07,13445816,19545702,5.29,14754127,20541669,3.32,16019487,21617327,3.58,16486630,21537079,-0.26,17267359,21786583,0.77,18430457,22622915,2.36,19656340,23649574,2.98,21009035,24705712,2.88,22692158,25483945,2.02,23716978,26105737,1.64,25553947,27637390,3.91,27421586,28586706,2.18,28756620,29517355,2.06,30054591,30681181,2.49,31463772,31653883,2.00,32931983,32931983,2.54,34248339,33889051,1.73,36331952,35232262,2.27,37960602,36339071,1.75,39566711,37623108,1.93,39992518,37616062,-0.01,47128455,43170869,8.49,49928500,43782057,0.89
"충청북도","총자본형성",6295424,9266702,7166029,10369066,5.05,6535321,9158111,-4.98,5324426,7030354,-8.65,6426108,8857017,8.01,7139768,9999953,4.25,8434698,11740510,6.03,8473043,11735217,-0.02,8315626,10945007,-2.45,10455784,13275302,7.13,9744810,11437451,-5.15,11659669,13679708,6.80,12655371,14447015,2.15,13559780,14412474,-0.09,14180791,14610006,0.55,16318854,16787028,5.94,17216746,17146229,0.87,17816720,17722624,1.34,17125884,16976097,-1.65,16838705,16686477,-0.61,18002399,18002399,2.65,20719912,20530321,4.58,25904078,25246938,7.98,28299284,27113054,2.93,27463351,25729497,-2.07,24836139,23180392,-3.92,25157752,22178785,-1.54,30317662,25108036,4.41
"충청북도","재화와 서비스 순이출",-106499,-1373370,-91355,-1360937,0.77,488931,-594675,4.93,1478343,-27846,2.81,1126519,-607318,-2.05,-139862,-1272030,-3.36,-1801431,-2823671,-8.12,-1343602,-2788032,1.40,-205147,-1563717,5.86,-42226,-1063362,3.28,-309958,-959829,0.54,-1063482,-1397889,-1.12,-1020166,-995296,1.44,-2680514,-2147135,-2.98,-2246459,-867904,3.58,-2020308,-924530,-0.83,-1704283,412103,3.34,-1456789,423715,0.13,263040,1780056,2.91,1493438,2973049,2.50,3821734,3821734,1.47,3990667,3818568,-0.01,3148201,1458711,-3.83,3543259,2878547,2.26,2448212,4506864,2.43,4068086,6995885,3.39,2372117,7568507,0.54,-856669,7758251,0.27
"충청북도","통계상 불일치",371576,-549598,268044,-648854,0.06,123878,-618245,0.21,60471,-303435,0.96,248688,346792,3.07,163775,316004,-0.12,188299,570546,0.91,158500,545336,-0.15,226160,657612,0.34,431945,148853,-1.80,230629,647416,1.46,182096,664993,-0.05,113854,751793,0.16,191419,483133,-0.68,-49559,410029,-0.23,471776,339383,-0.28,409181,114043,-0.49,393508,61366,-0.09,293776,130647,0.17,285595,277191,0.31,435517,435517,0.31,712316,142593,-0.53,-71865,-69916,-0.30,-166269,-492496,-0.68,-58639,-905709,-0.62,687026,-1541651,-0.96,631063,-2117808,-0.62,34448,-3011453,-1.05
"충청남도","지역내총생산에대한지출",18564287,28831852,21482678,32476312,12.64,25162760,36555909,12.56,25505274,34724126,-5.01,29165407,40169928,15.68,32628538,44559007,10.93,34795547,46432861,4.21,38765312,50205811,8.13,43579448,55468963,10.48,49063652,60583607,9.22,52594110,66603884,9.94,55872369,72238019,8.46,60502127,76413497,5.78,65704608,80523469,5.38,73497025,82604137,2.58,85104574,92056862,11.44,92244734,98515870,7.02,94248204,99219568,0.71,93938560,97403497,-1.83,96780692,100199403,2.87,101299131,101299131,1.10,106869144,104503363,3.16,115557697,110165655,5.42,115534184,110873163,0.64,113488325,112310782,1.30,115531056,112762058,0.40,125416447,118487227,5.08,128488050,121401399,2.46
"충청남도","최종소비지출",10571149,20086454,12261063,21780715,4.80,13680343,22991037,3.17,13457521,21278179,-4.05,15152282,23450879,5.39,17222123,25456238,4.44,19418388,27394842,4.02,21029987,28743767,2.75,21892957,28905769,0.31,23206796,29435942,0.92,25346442,31228816,2.88,27030969,32521355,1.99,28875313,33959231,2.14,30747450,34525717,0.80,32204123,35402967,1.19,34856483,37570788,2.68,37088138,38627851,1.15,38901463,39873148,1.30,39413257,40204824,0.34,41536373,41921765,1.79,42965360,42965360,1.07,44755425,44284683,1.30,47869737,46485803,2.08,50453349,48377759,1.69,52280022,50215725,1.66,51955504,49355647,-0.79,54941719,50938789,1.44,59848430,53376452,2.10
"충청남도","총자본형성",10597266,17023598,12522698,19542914,8.45,12825101,18940090,-1.80,10089598,14094147,-13.04,10279861,14608730,1.44,15002472,21401457,16.39,13135145,18305047,-6.65,14756627,20831944,5.21,18392182,24350028,6.43,21108402,26759515,4.18,21611338,25700812,-1.70,24070768,28546568,4.55,27272349,31533715,4.51,30019146,31723424,0.27,29428442,30222196,-2.16,36846188,38165483,10.52,44766400,44954781,7.70,37698250,37768150,-7.76,35849252,35534305,-2.37,37145559,36853917,1.42,39703433,39703433,2.97,43959387,43508836,3.76,55957189,54598923,10.48,47346469,45557286,-8.02,44276500,41570189,-3.59,48297567,45065144,3.28,53539340,47977700,2.70,55961575,47299747,-0.60
"충청남도","재화와 서비스 순이출",-2784421,-1889186,-3388667,-1924503,-0.22,-1327738,-417581,11.12,2189955,1256552,11.26,3693094,2267621,7.31,433606,719442,-9.14,2295542,1908577,6.53,3107425,2173684,0.43,3240592,2982576,3.28,4422000,3902482,2.93,5594478,8088109,12.89,4697608,10005640,1.86,4294220,11617242,-0.86,4698130,14485333,4.77,12365703,16565095,3.57,13146939,16472334,-1.96,9937475,16546548,-1.82,17186501,22166209,7.27,17793234,21139371,-1.13,17949417,21073292,-0.27,18586665,18586665,-3.06,18732259,15710895,-2.84,10466324,7753429,-6.58,16850998,16963801,8.11,16330465,21544070,4.04,17078311,20129469,-1.30,15575506,19259403,-0.70,12610189,22365033,2.25
"충청남도","통계상 불일치",180293,-12339,87584,-164160,-0.39,-14946,-178026,0.07,-231800,132254,0.82,40170,731822,1.55,-29663,504686,-0.76,-53528,661971,0.31,-128727,599311,-0.27,53717,908854,0.46,326454,1640355,1.20,41852,-690325,-4.14,73024,-717882,0.05,60245,-769618,-0.01,239882,-1169616,-0.46,-501243,-1218240,-0.01,254964,-1126044,0.20,452721,-1239481,-0.02,461990,-1344996,-0.09,882817,23217,1.32,149343,-74657,-0.07,43673,43673,0.12,-577927,998949,0.94,1264447,497757,-0.57,883368,-760065,-1.13,601338,-1704257,-0.82,-1800326,-2619727,-0.79,1359882,-805145,1.64,67856,-2406388,-1.28
"전라북도","지역내총생산에대한지출",14936314,25085280,17085565,27201090,8.43,18722352,28700006,5.51,17858694,26187025,-8.76,19333144,28618114,9.28,20816142,30236753,5.66,22216502,31465262,4.06,23736691,32419090,3.03,24751250,32768805,1.08,26638816,33844818,3.28,27104543,34414457,1.68,28759657,36053645,4.76,30806405,37890302,5.09,32826334,39294329,3.71,35701674,39655937,0.92,37740823,41674930,5.09,40037810,43285951,3.87,41200316,43728235,1.02,43478228,45637671,4.37,45151703,46567890,2.04,47018028,47018028,0.97,47879046,46664550,-0.75,49348477,47553099,1.90,50595318,48350793,1.68,51997535,49506041,2.39,52820485,49116252,-0.79,55955855,50636383,3.09,57793375,51678429,2.06
"전라북도","최종소비지출",11315790,21447191,12775479,22777286,4.70,14143957,23862573,3.56,13731144,21697357,-6.85,15417888,23827534,7.55,17410704,25520496,5.67,19055351,26665445,3.75,20674619,28033760,4.40,21087933,27700862,-1.03,21495205,27213757,-1.50,22624625,27903258,2.04,24026677,29021069,3.34,25349377,29957184,2.69,26817117,30287224,0.91,27950614,30842923,1.50,29999102,32503651,4.22,31703361,33115176,1.50,33231817,34156127,2.49,34536291,35331114,2.77,36130797,36399784,2.40,37682438,37682438,2.82,39171603,38793644,2.36,40979581,39826433,2.18,43135259,41320968,3.12,44764747,42613582,2.67,44869342,42246145,-0.74,47135163,43339439,2.20,50650300,44738130,2.72
"전라북도","총자본형성",5820539,9692717,6614632,10808435,4.49,6706637,10360533,-1.60,5483687,8281857,-7.19,5803693,9082927,2.97,6912502,10693694,5.32,6948345,10169128,-1.63,7165177,10236654,0.21,7643862,10239130,0.01,8223008,10446477,0.63,9052292,10929079,1.43,10543910,12549396,4.95,11032394,12669172,0.35,13193148,14090292,4.02,12168640,13022522,-3.05,13276895,13977693,2.50,15355374,15574054,4.02,15533749,15657704,0.21,15708924,15730876,0.18,15801044,15746318,0.04,15116135,15116135,-1.40,14240348,14139200,-2.08,16021904,15534368,2.93,17319656,16407276,1.82,17973960,16615800,0.44,18341187,16821509,0.43,19488079,16908785,0.18,20510561,16653772,-0.53
"전라북도","재화와 서비스 순이출",-2632108,-3661017,-2659112,-3824117,0.33,-2341343,-3628446,3.73,-1514425,-2789292,4.86,-2178648,-3248597,-2.74,-3763998,-4071116,-4.75,-4059283,-5004317,-2.32,-4292438,-6153299,-0.92,-4241535,-5564518,2.41,-3529360,-4071131,6.01,-4782433,-5263387,-4.29,-5936693,-6134283,-2.94,-5674781,-5271247,2.30,-7488802,-5413679,-0.54,-4389744,-4311215,3.08,-5585655,-4778210,-1.39,-6953300,-5181089,-1.34,-7707654,-5995487,-1.97,-6820650,-5497178,1.38,-6636526,-5604983,-0.25,-5754052,-5754052,-0.33,-5709806,-5986680,-0.49,-6938886,-7191484,-2.49,-9078880,-8715470,-3.11,-10115569,-9057592,-0.70,-10479179,-9134574,-0.13,-10501383,-8617961,0.84,-13383592,-8701389,-0.21
"전라북도","통계상 불일치",432093,-260038,354566,-627846,-1.08,213101,-745492,-0.18,158288,-524614,0.42,290211,-189312,1.51,256934,-396697,-0.59,272089,893982,4.26,189333,706483,-0.66,260990,614640,-0.30,449963,20063,-1.86,210059,871722,2.50,125763,700950,-0.59,99415,639096,-0.25,304871,404153,-0.68,-27836,164983,-0.61,50481,82646,-0.23,-67625,-43936,-0.31,142404,85029,0.30,53663,95744,0.03,-143612,28008,-0.15,-26493,-26493,-0.12,176901,-281614,-0.54,-714122,-629374,-0.72,-780717,-698841,-0.15,-625603,-705546,-0.02,89135,-874675,-0.34,-166004,-965039,-0.12,16106,-945193,0.07
"전라남도","지역내총생산에대한지출",22127635,39492280,24659934,42154621,6.74,28374041,46754746,10.91,28991271,44321517,-5.20,29731676,45036095,1.61,31433112,47559118,5.60,33597018,49464042,4.01,36130604,52071978,5.27,39239142,52730314,1.26,44219709,55586311,5.42,44343551,56104942,0.93,44465581,57944653,3.28,49493679,61058914,5.37,54111971,61841218,1.28,53015444,61529089,-0.50,61792939,67644440,9.94,63233950,66697766,-1.40,64522380,67142356,0.67,66475876,68435908,1.93,66215322,68405097,-0.05,68878376,68878376,0.69,71615402,70449724,2.28,73732402,71340179,1.26,75424584,72888289,2.17,76948280,74618019,2.37,78819152,74972494,0.48,88383883,76965787,2.66,90945726,75475342,-1.94
"전라남도","최종소비지출",12954234,24811078,14697512,26333530,3.59,16191736,27518881,2.68,15362110,24329287,-6.61,17190339,26381158,4.47,19192537,28011314,3.57,20222456,28204845,0.42,21614669,29208660,2.14,22040747,28866139,-0.70,22442104,28343681,-1.02,23667201,29092031,1.34,25036837,30175907,1.99,26596407,31331721,2.16,28055237,31565307,0.40,29578254,32566209,1.64,31564085,34085930,2.60,33379305,34749075,0.99,34998900,35946272,1.82,36249791,36976286,1.55,37899310,38133235,1.71,40179442,40179442,3.07,41847805,41402904,1.78,43787289,42392333,1.40,46307161,44293918,2.66,48474394,45961558,2.31,48761826,45732415,-0.31,50843396,46553069,1.11,55352702,48671822,2.62
"전라남도","총자본형성",11137388,22136450,13704488,26434692,9.77,13566075,24764125,-3.51,9614481,16523730,-15.91,9393315,16583352,0.12,10570804,18644760,3.93,10498491,17746121,-1.62,12012689,18802028,1.86,12765468,18551919,-0.44,14659590,20396580,3.23,15005147,18579704,-2.95,16155274,19798008,2.22,18306105,21453350,3.04,22717236,24557693,5.35,19704202,21310794,-5.55,24806002,26888621,9.73,28407016,29386974,3.73,28467179,29267327,-0.18,26787262,27050203,-3.34,22141918,22142942,-7.31,24405862,24405862,3.42,25177178,25069364,0.96,25261615,24561050,-0.71,27740790,26406743,2.57,31547135,29259148,3.97,33477772,30698877,2.02,34837017,30358854,-0.47,36744944,29901977,-0.59
"전라남도","재화와 서비스 순이출",-2214630,-1708206,-3878436,-2497514,-5.42,-1421006,-629110,12.44,4207782,2172278,17.08,3063386,1613895,-3.80,1649100,1495764,-0.73,2891843,2307979,5.25,2622844,2681410,1.89,4343579,3225558,2.11,6818710,3595321,1.73,5618396,4833708,5.37,3181978,6242200,-0.31,4492142,9871477,1.06,3117656,7449949,-3.92,4038041,9457246,3.51,5354829,8093094,-2.66,1231702,6099483,-6.16,867083,4115021,-0.78,2126401,4578834,1.08,5710648,7561898,6.00,4747815,4747815,-5.57,6041170,3122887,-2.36,3303486,4350281,1.53,455987,3759422,-0.89,-3974596,720235,-4.79,-1989230,-1680991,-3.30,1416028,-239260,1.56,-1200414,-2446061,-2.31
"전라남도","통계상 불일치",250643,1160763,136370,740763,-1.21,37236,507137,-0.69,-193102,595588,0.24,84636,969618,0.83,20671,500468,-1.17,-15772,498471,-0.04,-119598,223414,-0.62,89348,384795,0.30,299305,1170975,1.47,52807,-367520,-2.82,91492,-728577,-0.61,99025,-1291324,-0.88,221842,-1651602,-0.55,-305053,-1709289,-0.11,68023,-1675619,0.27,215927,-1622855,0.04,189218,-1765821,-0.19,1312422,13743,2.63,463446,-290932,-0.44,-454743,-454743,-0.23,-1450751,854569,1.90,1380012,237259,-0.95,920646,-1362544,-2.17,901347,-757792,0.88,-1431216,818198,2.08,1287442,1212668,0.46,48494,-58125,-1.65
"경상북도","지역내총생산에대한지출",28606422,35531357,31357640,38775525,9.13,36985388,44492072,14.74,36440648,41615486,-6.47,40409833,47828898,14.93,45717427,54673687,14.31,47614033,56490106,3.32,51835107,60328507,6.79,56811693,65372870,8.36,63875959,69948144,7.00,67050092,74596282,6.65,68926098,77440727,3.81,71809595,83621419,7.98,76391528,86102708,2.97,79081552,85724356,-0.44,87700608,92044050,7.37,91009535,94466406,2.63,92989227,95229383,0.81,97211566,98842637,3.79,103476804,105901155,7.14,103120174,103120174,-2.63,107440609,105745496,2.55,110027724,104429785,-1.24,108782638,103149107,-1.23,106805459,104417627,1.23,105771509,101370158,-2.92,113285841,105224262,3.80,115341457,107057669,1.74
"경상북도","최종소비지출",16677944,31028943,19179379,33451106,4.55,20997539,34641277,2.18,20433487,31645389,-4.91,22986104,34652970,5.33,25687041,36932149,3.74,27512549,38016910,1.65,29963303,40123341,3.20,30109583,39306234,-1.18,30742888,38775800,-0.72,32489698,39796352,1.27,34567007,41476861,2.05,36551166,42906750,1.73,39015106,43720477,0.97,40817877,44843121,1.31,43261643,46682849,2.12,45696186,47539111,0.90,47328716,48483346,1.00,48896613,49881019,1.47,50936785,51280313,1.41,52878190,52878190,1.53,56443060,55879129,2.91,59333811,57673627,1.69,62055808,59555193,1.76,64662701,61763487,2.12,63781685,60386554,-1.35,67593962,62427542,2.04,73595873,65170474,2.62
"경상북도","총자본형성",15629177,23657125,17849523,26295654,6.09,17415433,24499143,-3.89,12532763,16546471,-15.29,18126266,24741684,17.03,20393408,28312970,6.47,19011865,25623422,-4.24,22958040,31296353,8.84,22747125,29484636,-2.56,25708841,31877051,3.25,25146696,29288230,-3.27,24820606,28835539,-0.58,24502660,27520704,-1.64,30380686,31761788,5.26,25919177,26698618,-6.34,32274292,33488337,8.34,32725729,32834587,-0.72,33321331,33441123,0.66,33342382,33043873,-0.43,33973502,33602501,0.58,34327174,34327174,0.71,34876749,34703903,0.37,37736472,36601889,1.78,35906455,34157368,-2.29,35619177,33087621,-1.03,35770753,33007365,-0.08,37848931,33306253,0.31,44169066,36505741,3.21
"경상북도","재화와 서비스 순이출",-3982119,-2011964,-5784424,-2264019,-1.62,-1382490,-797154,16.18,3787960,697325,13.48,-756686,-165032,-8.59,-287435,477851,5.44,1216228,1254764,5.83,-893850,791609,-4.68,3873348,2845743,11.72,7005431,4121076,5.52,9327278,5592234,6.92,9394816,8446163,2.90,10637962,15006300,8.58,6752519,12870261,-2.86,12841370,15989763,4.37,11882504,13892897,-3.41,12154366,15965073,2.48,11972477,15903030,-0.62,13612517,16570254,0.72,17713762,20953015,4.86,16113772,16113772,-4.67,15914712,15851967,-0.25,12347068,10715287,-4.61,10078593,7733106,-2.70,5654681,7618105,-0.08,4698316,5352097,-2.11,4698830,5739749,0.32,-2472717,4481039,-1.10
"경상북도","통계상 불일치",281420,-653084,113162,-707980,0.10,-45094,-723237,0.28,-313562,-566591,0.25,54149,-112840,1.16,-75587,-784946,-1.35,-126609,-764268,0.08,-192386,-1132240,-0.57,81637,-972875,0.38,418799,-1748675,-1.06,86420,-649091,1.73,143669,-1096245,-0.56,117807,-1735136,-0.68,243217,-2132283,-0.40,-496872,-1929354,0.22,282169,-1746152,0.33,433254,-1836783,-0.04,366703,-2080302,-0.23,1360054,-189476,2.03,852755,-14252,0.29,-198962,-198962,-0.19,206088,-689503,-0.48,610373,-784763,-0.10,741782,1354651,2.01,868900,1591687,0.22,1520755,2213879,0.62,3144118,3383074,1.13,49235,265061,-2.98
"경상남도","지역내총생산에대한지출",50507378,68113992,55126907,72412697,6.31,62900923,79696351,10.06,37824113,47958037,-39.82,40626070,53563712,11.69,44406055,57821766,7.95,48912674,61928632,7.10,53736365,66357305,7.15,57189320,68827444,3.72,61723288,71667409,4.13,65411675,76018607,6.07,68983266,80266127,5.59,75474050,85284496,6.25,82448732,89539592,4.99,86011704,92664822,3.49,90168392,98297235,6.08,94329687,101258402,3.01,98371195,103911994,2.62,99701323,104475348,0.54,101055802,104843574,0.35,106590936,106590936,1.67,109338189,107343355,0.71,109492183,106561346,-0.73,110720199,107224316,0.62,114020931,109370902,2.00,110847012,103425415,-5.44,112949668,105384664,1.89,120060310,110265302,4.63
"경상남도","최종소비지출",23231775,43958257,26400860,47248811,3.44,29515187,49772852,2.56,21588844,33830719,-15.03,24189954,37047217,5.43,27332551,40057455,4.84,30032994,41945061,2.90,33493585,45283216,4.89,34842323,45530223,0.34,36437854,46088472,0.75,39422497,48561647,3.17,42022408,50803814,2.78,44758255,52976526,2.61,48308052,54666645,1.89,50245416,55563011,0.96,53809465,58342801,2.92,57263262,59910285,1.60,59777246,61513904,1.62,62421087,63860764,2.32,64657764,65244583,1.36,67493696,67493696,2.21,69821617,68978968,1.39,72713055,70557606,1.46,75782497,72705076,2.02,78948472,75465120,2.60,77959589,73724931,-1.60,82429876,76132752,2.30,90247084,80052019,3.76
"경상남도","총자본형성",13997056,21946330,14582745,22309471,0.46,16881391,24129953,2.16,9650077,13458389,-11.87,11548692,16807643,6.35,13617528,19585158,4.70,14842483,20589890,1.57,16590001,22419888,2.70,18417996,23451056,1.42,21668768,26632522,4.37,20059730,22690015,-5.20,23091235,25764343,4.16,25498720,27434175,2.17,31480191,32860251,6.68,22902120,24404929,-9.82,27575289,28760766,4.75,29828545,29922960,1.24,31215984,31377381,1.54,32004588,31739400,0.37,32057235,31637822,-0.10,34507445,34507445,2.88,33898931,33598498,-0.85,37574983,36481216,2.66,37119835,35223720,-1.18,36150632,33506006,-1.63,34419056,31699266,-1.71,33855809,29963507,-1.70,39101626,32382358,2.42
"경상남도","재화와 서비스 순이출",12392776,1725507,13543930,2718547,3.29,16171099,5265532,5.61,6738406,2134897,-13.02,4693258,827930,-1.19,3358550,-343125,-0.58,3984703,904808,2.56,3745445,556542,0.09,3711010,1391846,1.57,3098557,595904,-0.63,5781329,5368236,6.74,3667098,3818076,-1.44,5039190,4873040,1.42,2328627,933211,-2.97,13304306,14106682,12.43,8250467,12201336,-1.67,6511526,12345339,0.29,6747646,11764532,-0.33,4553820,8914293,-2.91,4094785,7928069,-0.92,4320075,4320075,-3.66,5874329,4844664,0.49,-1603070,-773856,-4.97,-2808576,-112874,0.67,-1563322,1798006,1.73,-1016228,31743,-1.40,-4295845,733791,0.61,-9314353,421841,-0.46
"경상남도","통계상 불일치",885771,-36907,599372,-727184,-0.88,333246,-1078834,-0.27,-153214,-401197,0.09,194166,106466,1.10,97426,-444090,-1.00,52494,-444033,0.07,-92666,-804706,-0.52,217991,-568302,0.39,518109,-850058,-0.36,148119,54909,1.36,202525,113105,0.09,177885,149121,0.05,331862,-378120,-0.61,-440138,-475705,-0.08,533171,-405783,0.08,726354,-549275,-0.11,630319,-798422,-0.21,721828,2823,0.77,246018,22331,0.02,269720,269720,0.24,-256688,-78775,-0.33,807215,51625,0.12,626443,-906632,-0.89,485149,-1689095,-0.69,-515405,-2384381,-0.73,959828,-1697531,0.69,25953,-2992941,-1.09
"제주특별자치도","지역내총생산에대한지출",4398940,7450774,4678669,7641803,2.56,5074735,8057569,5.44,4941918,7456360,-7.46,5371842,7957145,6.72,5750554,8587855,7.93,6102677,9200210,7.13,6877657,9693184,5.36,7425866,9960579,2.76,8144202,10579746,6.22,8452138,10530282,-0.47,8699945,10740812,2.00,9308795,11335159,5.53,9602448,11450325,1.02,10595922,12158772,6.19,11158882,12380394,1.82,12207092,13231976,6.88,13193136,14067649,6.32,13960947,14763437,4.95,15147843,15785920,6.93,16946709,16946709,7.35,18719373,18307842,8.03,19981072,19144657,4.57,20051121,18968300,-0.92,20308737,19186190,1.15,19615758,17957495,-6.40,20187503,18173026,1.20,21048109,19003180,4.57
"제주특별자치도","최종소비지출",3114638,5830520,3568080,6370055,6.55,3916074,6589085,2.62,3820246,5996369,-6.94,4294320,6586093,7.60,4825335,7035702,5.46,5382661,7503036,5.57,6135371,8238056,8.64,6401948,8326234,0.95,6545094,8197019,-1.34,7185181,8759674,5.52,7624359,9134305,3.64,8093565,9499147,3.50,8655237,9703743,1.87,9022733,9939867,2.19,9656952,10430209,4.20,10292516,10688719,2.14,11146589,11468329,6.15,11610309,11891758,3.12,12307795,12395549,3.52,13138943,13138943,4.87,13875162,13697546,3.30,14852690,14313799,3.33,15847667,15029601,3.72,16733675,15771959,3.90,16699508,15655817,-0.61,17783578,16270654,3.34,19721517,17248687,5.30
"제주특별자치도","총자본형성",1259068,2263116,1465478,2578404,3.99,1668137,2724630,1.78,1335731,2091367,-7.64,1563086,2512651,5.44,1845521,2908156,4.58,2041333,3086224,1.97,2143135,3139001,0.57,2453107,3439065,2.98,2741865,3677504,2.29,2826985,3744281,0.61,2802058,3651109,-0.83,3029614,3832842,1.60,2824014,3258286,-4.88,3241284,3610412,3.18,3637053,3876736,2.26,4360298,4497288,5.22,4897611,4981825,3.85,5153435,5253243,2.02,5499022,5559461,2.15,6443684,6443684,5.77,7849842,7812192,8.08,8794113,8534182,3.88,7868607,7443031,-5.63,7442141,6871577,-3.01,6537038,5972421,-4.80,6211012,5373624,-3.34,6523776,5300982,-0.42
"제주특별자치도","재화와 서비스 순이출",-72813,-108034,-426360,-160147,-7.51,-545888,-158883,2.13,-225287,-123544,6.60,-544783,-153694,-7.14,-969746,-266776,-1.38,-1375815,-309010,-1.09,-1446300,-340260,-2.99,-1509982,-353051,-1.00,-1263323,-354288,5.36,-1638880,-437126,-7.45,-1796928,-981263,-1.01,-1868230,-2227264,-0.40,-1932092,-1678594,4.97,-1677255,-1571579,1.07,-2280905,-2039265,-4.12,-2552535,-2001022,0.17,-2929040,-2396737,-3.33,-2840775,-2384558,-0.09,-2755743,-2270903,0.67,-2793803,-2793803,-3.82,-3258610,-3275728,-2.84,-3747016,-3789389,-2.73,-3732726,-3426831,1.85,-3966467,-3208418,1.09,-3919619,-3232594,0.01,-4006336,-2830125,2.16,-5199512,-2629342,0.92
"제주특별자치도","통계상 불일치",98047,199895,71471,166220,-0.47,36412,86268,-1.09,11228,125589,0.52,59219,192615,0.81,49444,143258,-0.74,54498,206460,0.68,45451,135041,-0.86,80793,120059,-0.18,120566,111571,-0.09,78852,202758,0.86,70456,226069,0.20,53846,321933,0.83,55289,219871,-0.95,9160,201044,-0.25,145782,143550,-0.51,106813,61762,-0.65,77976,11165,-0.35,37978,-7244,-0.10,96769,75704,0.58,157885,157885,0.53,252979,73832,-0.50,81285,82491,0.09,67573,-81804,-0.86,99388,-241737,-0.83,298831,-418118,-1.01,199249,-606511,-0.96,2328,-876742,-1.23
